Data set,Preprocessing,Algorithm,# Concepts,# Words,CUI Coverage,UMLS Coverage,HumanAssessmentRelatednessCont,HumanAssessmentSimilarityCont,HumanAssessmentMayoSRS
GerVec,SE CUI,word2vec,16440,121008,0.13585878619595398,0.15237459681904125,"(0.12145748282281896, 0.2603448275862069)","(0.20762554625912535, 0.2737030411449016)","(-0.0428906222700623, 0.46534653465346537)"
GerVec,SE CUI,fastText,16440,121008,0.13585878619595398,0.15237459681904125,"(0.0065873021144743785, 1.0)","(0.013806827048226224, 1.0)","(-0.13021783951578147, 1.0)"
GerVec,SE CUI,GloVe,16440,121007,0.13585990893088828,0.15237459681904125,"(-0.19215349868021409, 0.056896551724137934)","(-0.13794394846641736, 0.06082289803220036)","(-0.17236764193043463, 0.15841584158415842)"
