Data set,Algorithm,Preprocessing,Score,# Concepts,# Words,CUI Coverage,UMLS Coverage,Benchmark
GerVec,word2vec,SE CUI,"(0.12145748282281896, 0.2603448275862069)",16440,121008,0.13585878619595398,0.15237459681904125,HumanAssessmentRelatednessCont
GerVec,word2vec,SE CUI,"(0.20762554625912535, 0.2737030411449016)",16440,121008,0.13585878619595398,0.15237459681904125,HumanAssessmentSimilarityCont
GerVec,word2vec,SE CUI,"(-0.0428906222700623, 0.46534653465346537)",16440,121008,0.13585878619595398,0.15237459681904125,HumanAssessmentMayoSRS
GerVec,fastText,SE CUI,"(0.0065873021144743785, 1.0)",16440,121008,0.13585878619595398,0.15237459681904125,HumanAssessmentRelatednessCont
GerVec,fastText,SE CUI,"(0.013806827048226224, 1.0)",16440,121008,0.13585878619595398,0.15237459681904125,HumanAssessmentSimilarityCont
GerVec,fastText,SE CUI,"(-0.13021783951578147, 1.0)",16440,121008,0.13585878619595398,0.15237459681904125,HumanAssessmentMayoSRS
GerVec,GloVe,SE CUI,"(-0.19215349868021409, 0.056896551724137934)",16440,121007,0.13585990893088828,0.15237459681904125,HumanAssessmentRelatednessCont
GerVec,GloVe,SE CUI,"(-0.13794394846641736, 0.06082289803220036)",16440,121007,0.13585990893088828,0.15237459681904125,HumanAssessmentSimilarityCont
GerVec,GloVe,SE CUI,"(-0.17236764193043463, 0.15841584158415842)",16440,121007,0.13585990893088828,0.15237459681904125,HumanAssessmentMayoSRS
